{
	"configs" : [
		{
			"remarks" : "",
			"server" : "160.16.201.137",
			"server_port" : 8383,
			"password" : "vnxhh8e2f67hmtf",
			"method" : "aes-256-cfb",
			"obfs" : "plain",
			"obfsparam" : "",
			"remarks_base64" : "",
			"tcp_over_udp" : false,
			"udp_over_tcp" : false,
			"protocol" : "origin",
			"obfs_udp" : false,
			"enable" : true,
			"id" : "B7-1D-48-88-8C-B5-1C-40-9E-3D-6A-40-E8-2E-95-1E"
		},
		{
			"remarks" : "",
			"server" : "ss1028.mritd.me",
			"server_port" : 10000,
			"password" : "10281130",
			"method" : "rc4-md5",
			"obfs" : "plain",
			"obfsparam" : "",
			"remarks_base64" : "",
			"tcp_over_udp" : false,
			"udp_over_tcp" : false,
			"protocol" : "origin",
			"obfs_udp" : false,
			"enable" : true,
			"id" : "04-E6-D2-B0-EF-FC-EE-5A-3E-63-5C-AF-89-E3-4C-94"
		},
		{
			"remarks" : "",
			"server" : "127.0.0.1",
			"server_port" : 2000,
			"password" : "10281130",
			"method" : "rc4-md5",
			"obfs" : "plain",
			"obfsparam" : "",
			"remarks_base64" : "",
			"tcp_over_udp" : false,
			"udp_over_tcp" : false,
			"protocol" : "origin",
			"obfs_udp" : false,
			"enable" : true,
			"id" : "44-FF-6F-27-8C-3D-BA-94-8D-D7-58-C7-46-8D-B7-C9"
		}
	],
	"index" : 0,
	"random" : false,
	"global" : false,
	"enabled" : true,
	"shareOverLan" : true,
	"isDefault" : false,
	"localPort" : 1080,
	"pacUrl" : null,
	"useOnlinePac" : false,
	"reconnectTimes" : 0,
	"randomAlgorithm" : 0,
	"TTL" : 0,
	"proxyEnable" : false,
	"proxyType" : 0,
	"proxyHost" : "",
	"proxyPort" : 0,
	"proxyAuthUser" : "",
	"proxyAuthPass" : "",
	"authUser" : "",
	"authPass" : "",
	"autoban" : false
}